<code_scheme name="Default" version="173">
  <JavaCodeStyleSettings>
    <option name="CLASS_NAMES_IN_JAVADOC" value="2" />
    <option name="LAYOUT_STATIC_IMPORTS_SEPARATELY" value="false" />
    <option name="IMPORT_LAYOUT_TABLE">
      <value>
        <package name="" withSubpackages="true" static="false" />
        <emptyLine />
        <package name="javax" withSubpackages="true" static="false" />
        <package name="java" withSubpackages="true" static="false" />
        <emptyLine />
      </value>
    </option>
  </JavaCodeStyleSettings>
  <codeStyleSettings language="JAVA">
    <option name="METHOD_PARAMETERS_WRAP" value="2" />
    <option name="METHOD_PARAMETERS_LPAREN_ON_NEXT_LINE" value="true" />
    <option name="METHOD_PARAMETERS_RPAREN_ON_NEXT_LINE" value="true" />
  </codeStyleSettings>
</code_scheme>