<application>
  <component name="VimEditorSettings">
    <editor />
  </component>
  <component name="VimHistorySettings">
    <history>
      <history-search />
      <history-cmd>
        <entry>q</entry>
        <entry>action KJumpAction.Word0</entry>
      </history-cmd>
      <history-expr />
      <history-input />
    </history>
  </component>
  <component name="VimKeySettings">
    <shortcut-conflicts>
      <shortcut-conflict owner="vim">
        <text>ctrl pressed J</text>
      </shortcut-conflict>
      <shortcut-conflict owner="vim">
        <text>ctrl pressed D</text>
      </shortcut-conflict>
      <shortcut-conflict owner="ide">
        <text>ctrl pressed F</text>
      </shortcut-conflict>
      <shortcut-conflict owner="vim">
        <text>ctrl pressed U</text>
      </shortcut-conflict>
      <shortcut-conflict owner="ide">
        <text>ctrl pressed N</text>
      </shortcut-conflict>
      <shortcut-conflict owner="vim">
        <text>ctrl pressed L</text>
      </shortcut-conflict>
      <shortcut-conflict owner="vim">
        <text>ctrl pressed H</text>
      </shortcut-conflict>
      <shortcut-conflict owner="vim">
        <text>ctrl pressed B</text>
      </shortcut-conflict>
      <shortcut-conflict owner="vim">
        <text>ctrl pressed O</text>
      </shortcut-conflict>
      <shortcut-conflict owner="vim">
        <text>ctrl pressed C</text>
      </shortcut-conflict>
      <shortcut-conflict owner="vim">
        <text>ctrl pressed W</text>
      </shortcut-conflict>
      <shortcut-conflict owner="vim">
        <text>ctrl pressed R</text>
      </shortcut-conflict>
      <shortcut-conflict owner="vim">
        <text>ctrl pressed V</text>
      </shortcut-conflict>
      <shortcut-conflict owner="vim">
        <text>ctrl pressed S</text>
      </shortcut-conflict>
      <shortcut-conflict owner="vim">
        <text>ctrl pressed K</text>
      </shortcut-conflict>
    </shortcut-conflicts>
  </component>
  <component name="VimMarksSettings">
    <globalmarks />
    <filemarks>
      <file name="$USER_HOME$/Dev/Limelight/checkout/order-service/src/test/kotlin/de/hse24/limelight/order/pact/PactAsyncContractProviderVerificationTest.kt" timestamp="1588328299253">
        <mark key="[" line="62" column="0" />
        <mark key="]" line="62" column="0" />
        <mark key="^" line="62" column="18" />
        <mark key="." line="62" column="0" />
      </file>
      <file name="$USER_HOME$/Dev/Limelight/checkout/order-service/src/test/kotlin/de/hse24/limelight/order/services/OrderServiceTest.kt" timestamp="1588256079596" />
      <file name="$USER_HOME$/Dev/Limelight/checkout/order-service/src/main/kotlin/de/hse24/limelight/order/models/Order.kt" timestamp="1588258648862">
        <mark key="[" line="20" column="29" />
        <mark key="]" line="20" column="29" />
        <mark key="^" line="20" column="36" />
        <mark key="." line="20" column="29" />
      </file>
      <file name="$USER_HOME$/Dev/Limelight/checkout/backoffice-view/src/api/apiOrder.ts" timestamp="1588330310343">
        <mark key="'" line="45" column="20" />
      </file>
      <file name="$USER_HOME$/Dev/Limelight/checkout/crm-de-exporter/exporter-lambda/src/main/kotlin/de/hse24/shop/crmde/shop2crm/crm/converter/CrmEntitiesDplConverter.kt" timestamp="1588255908575">
        <mark key="'" line="53" column="47" />
      </file>
      <file name="$USER_HOME$/Dev/Limelight/checkout/order-service/src/test/kotlin/de/hse24/limelight/order/testObjects/TestOrders.kt" timestamp="1588328137112">
        <mark key="[" line="72" column="27" />
        <mark key="]" line="72" column="28" />
        <mark key="." line="72" column="27" />
        <mark key="^" line="72" column="28" />
      </file>
      <file name="$USER_HOME$/Dev/Limelight/checkout/order-service/src/test/kotlin/de/hse24/limelight/order/handlers/GuestOrderPostHandlerTest.kt" timestamp="1588255126592">
        <mark key="[" line="137" column="42" />
        <mark key="]" line="137" column="41" />
        <mark key="." line="137" column="40" />
        <mark key="^" line="137" column="41" />
      </file>
      <file name="$USER_HOME$/Dev/Limelight/checkout/crm-de-exporter/exporter-lambda/src/test/kotlin/de/hse24/shop/crmde/shop2crm/order/CrmEntitiesDplConverterTest.kt" timestamp="1588255747041">
        <mark key="'" line="15" column="22" />
        <mark key="[" line="76" column="0" />
        <mark key="]" line="76" column="0" />
        <mark key="." line="76" column="0" />
        <mark key="^" line="76" column="8" />
      </file>
      <file name="$USER_HOME$/Dev/Limelight/checkout/order-service/src/main/kotlin/de/hse24/limelight/order/models/backoffice/BackOfficeOrderRequest.kt" timestamp="1588327869831">
        <mark key="'" line="11" column="21" />
        <mark key="[" line="14" column="37" />
        <mark key="]" line="14" column="36" />
        <mark key="." line="14" column="35" />
        <mark key="^" line="14" column="36" />
      </file>
      <file name="$USER_HOME$/Dev/Limelight/checkout/order-service/src/test/kotlin/de/hse24/limelight/order/services/SqsServiceTest.kt" timestamp="1588256094238" />
      <file name="$USER_HOME$/Dev/Limelight/checkout/order-service/src/test/kotlin/de/hse24/limelight/order/handlers/BackOfficeOrderHandlerTest.kt" timestamp="1588255196732">
        <mark key="[" line="48" column="0" />
        <mark key="]" line="48" column="0" />
        <mark key="." line="48" column="0" />
      </file>
      <file name="$USER_HOME$/Dev/Limelight/checkout/order-service/src/test/kotlin/de/hse24/limelight/order/WebServerIntegrationTest.kt" timestamp="1588255029382">
        <mark key="[" line="253" column="58" />
        <mark key="]" line="253" column="57" />
        <mark key="." line="253" column="56" />
        <mark key="^" line="253" column="57" />
      </file>
      <file name="$USER_HOME$/Dev/Limelight/checkout/crm-de-exporter/common/src/main/kotlin/de/hse24/shop/crmde/shop2crm/order/Order.kt" timestamp="1588255712510">
        <mark key="[" line="25" column="29" />
        <mark key="]" line="25" column="36" />
        <mark key="^" line="25" column="36" />
        <mark key="." line="25" column="35" />
      </file>
      <file name="/Dummy.txt" timestamp="1588255965023">
        <mark key="[" line="0" column="0" />
        <mark key="]" line="0" column="6" />
        <mark key="." line="0" column="6" />
        <mark key="^" line="0" column="4" />
      </file>
      <file name="$USER_HOME$/Dev/Limelight/checkout/order-service/src/main/kotlin/de/hse24/limelight/order/services/OrderService.kt" timestamp="1588254954228">
        <mark key="[" line="345" column="8" />
        <mark key="]" line="345" column="18" />
      </file>
      <file name="$USER_HOME$/Dev/Limelight/checkout/crm-de-exporter/exporter-lambda/src/test/kotlin/de/hse24/shop/crmde/shop2crm/pacts/OrderServiceAsyncConsumerPacts.kt" timestamp="1588255835271" />
      <file name="$USER_HOME$/Dev/Limelight/checkout/order-service/src/test/kotlin/de/hse24/limelight/order/pact/PactSyncContractProviderVerificationTest.kt" timestamp="1588256065059" />
      <file name="$USER_HOME$/Dev/Limelight/checkout/order-service/src/test/kotlin/de/hse24/limelight/order/handlers/UpdateOrderHandlerTest.kt" timestamp="1588328192388">
        <mark key="'" line="138" column="32" />
        <mark key="[" line="125" column="47" />
        <mark key="]" line="125" column="47" />
        <mark key="^" line="125" column="47" />
        <mark key="." line="125" column="46" />
      </file>
      <file name="$USER_HOME$/Dev/Limelight/checkout/order-service/src/test/kotlin/de/hse24/limelight/TestData.kt" timestamp="1588328041417">
        <mark key="'" line="55" column="18" />
        <mark key="[" line="109" column="0" />
        <mark key="]" line="109" column="0" />
        <mark key="." line="109" column="0" />
      </file>
      <file name="$USER_HOME$/Dev/Limelight/checkout/order-service/src/main/kotlin/de/hse24/limelight/order/models/QueueOrder.kt" timestamp="1588254851691">
        <mark key="'" line="29" column="62" />
        <mark key="[" line="20" column="29" />
        <mark key="]" line="20" column="29" />
        <mark key="^" line="20" column="36" />
        <mark key="." line="20" column="29" />
      </file>
    </filemarks>
    <jumps>
      <jump line="49" column="24" filename="$USER_HOME$/Dev/Limelight/core/product-exporter-service/src/main/java/de/hse24/shop/product/exporter/domain/ProductPrice.java" />
      <jump line="27" column="19" filename="$USER_HOME$/Dev/Limelight/core/product-exporter-service/src/main/java/de/hse24/shop/product/exporter/domain/ProductPrice.java" />
      <jump line="88" column="15" filename="$USER_HOME$/Dev/Limelight/core/product-exporter-service/src/main/java/de/hse24/shop/product/exporter/extractor/VariantPriceExtractor.java" />
      <jump line="86" column="15" filename="$USER_HOME$/Dev/Limelight/core/product-exporter-service/src/main/java/de/hse24/shop/product/exporter/extractor/VariantPriceExtractor.java" />
      <jump line="46" column="23" filename="$USER_HOME$/Dev/Limelight/core/product-exporter-service/src/main/java/de/hse24/shop/product/exporter/domain/ProductPrice.java" />
      <jump line="27" column="21" filename="$USER_HOME$/Dev/Limelight/core/product-exporter-service/src/main/java/de/hse24/shop/product/exporter/domain/Variant.java" />
      <jump line="18" column="11" filename="$USER_HOME$/Dev/Limelight/core/product-exporter-service/src/main/java/de/hse24/shop/product/exporter/mapper/VariantRowMapper.java" />
      <jump line="29" column="17" filename="$USER_HOME$/Dev/Limelight/core/product-exporter-service/src/main/java/de/hse24/shop/product/exporter/domain/Variant.java" />
      <jump line="56" column="19" filename="$USER_HOME$/Dev/Limelight/core/product-exporter-service/src/test/java/de/hse24/shop/product/exporter/mapper/VariantRowMapperTest.java" />
      <jump line="12" column="15" filename="$USER_HOME$/Dev/Limelight/core/product-exporter-service/src/main/java/de/hse24/shop/product/exporter/mapper/VariantRowMapper.java" />
      <jump line="34" column="23" filename="$USER_HOME$/Dev/Limelight/core/product-exporter-service/src/main/java/de/hse24/shop/product/exporter/domain/Variant.java" />
      <jump line="64" column="11" filename="$USER_HOME$/Dev/Limelight/checkout/backoffice-view/tests/pact/getStock.test.pact.ts" />
      <jump line="7" column="31" filename="$USER_HOME$/Dev/Limelight/checkout/backoffice-view/node_modules/@pact-foundation/pact/dsl/interaction.d.ts" />
      <jump line="17" column="49" filename="$USER_HOME$/Dev/Limelight/core/product-dispenser-service/src/test/kotlin/de/hse24/shop/productservice/contract/ProviderVerification.kt" />
      <jump line="66" column="35" filename="$USER_HOME$/Dev/Limelight/core/product-dispenser-service/src/test/kotlin/de/hse24/shop/productservice/contract/ProviderVerification.kt" />
      <jump line="66" column="10" filename="$USER_HOME$/Dev/Limelight/core/product-dispenser-service/src/test/kotlin/de/hse24/shop/productservice/contract/BasePactTest.kt" />
      <jump line="48" column="9" filename="$USER_HOME$/.sdkman/candidates/java/11.0.6.hs-adpt/lib/src.zip!/java.base/java/util/function/Consumer.java" />
      <jump line="68" column="19" filename="$USER_HOME$/Dev/Limelight/checkout/backoffice-view/tests/pact/getStock.test.pact.ts" />
      <jump line="69" column="34" filename="$USER_HOME$/Dev/Limelight/checkout/backoffice-view/node_modules/@pact-foundation/pact/dsl/interaction.d.ts" />
      <jump line="17" column="12" filename="$USER_HOME$/Dev/Limelight/core/product-exporter-service/src/main/java/de/hse24/shop/product/exporter/mapper/VariantRowMapper.java" />
      <jump line="61" column="15" filename="$USER_HOME$/Dev/Limelight/checkout/backoffice-view/tests/pact/getStock.test.pact.ts" />
      <jump line="61" column="41" filename="$USER_HOME$/Dev/Limelight/checkout/backoffice-view/node_modules/@pact-foundation/pact/dsl/interaction.d.ts" />
      <jump line="12" column="15" filename="$USER_HOME$/Dev/Limelight/checkout/backoffice-view/node_modules/@pact-foundation/pact/dsl/interaction.d.ts" />
      <jump line="118" column="18" filename="$USER_HOME$/Dev/Limelight/core/product-exporter-service/src/main/java/de/hse24/shop/product/exporter/controller/ProductExporterController.java" />
      <jump line="31" column="22" filename="$USER_HOME$/Dev/Limelight/core/product-exporter-service/src/main/java/de/hse24/shop/product/exporter/controller/ProductExporterController.java" />
      <jump line="130" column="41" filename="$USER_HOME$/Dev/Limelight/core/product-exporter-service/src/main/java/de/hse24/shop/product/exporter/controller/ProductExporterController.java" />
      <jump line="21" column="26" filename="$USER_HOME$/Dev/Limelight/core/feed-service/src/main/kotlin/de/hse24/shop/feed/controller/GoogleFeedExportController.kt" />
      <jump line="31" column="36" filename="$USER_HOME$/Dev/Limelight/core/feed-service/src/main/kotlin/de/hse24/shop/feed/controller/GoogleFeedExportController.kt" />
      <jump line="49" column="8" filename="$USER_HOME$/Dev/Limelight/core/feed-service/src/main/kotlin/de/hse24/shop/feed/service/GoogleFeedService.kt" />
      <jump line="29" column="35" filename="$USER_HOME$/Dev/Limelight/core/feed-service/src/main/kotlin/de/hse24/shop/feed/controller/GoogleFeedExportController.kt" />
      <jump line="41" column="14" filename="$USER_HOME$/Dev/Limelight/core/feed-service/src/main/kotlin/de/hse24/shop/feed/controller/GoogleFeedExportController.kt" />
      <jump line="27" column="0" filename="$USER_HOME$/Dev/Limelight/core/feed-service/src/main/kotlin/de/hse24/shop/feed/controller/GoogleFeedExportController.kt" />
      <jump line="37" column="35" filename="$USER_HOME$/Dev/Limelight/core/feed-service/src/main/kotlin/de/hse24/shop/feed/controller/GoogleFeedExportController.kt" />
      <jump line="28" column="62" filename="$USER_HOME$/Dev/Limelight/core/feed-service/src/main/kotlin/de/hse24/shop/feed/controller/GoogleFeedExportController.kt" />
      <jump line="73" column="46" filename="$USER_HOME$/.gradle/caches/modules-2/files-2.1/org.springframework/spring-web/5.2.4.RELEASE/c0d0b64eb0a3549ba9666b2b24ec1ab9af7c7da4/spring-web-5.2.4.RELEASE-sources.jar!/org/springframework/http/ResponseEntity.java" />
      <jump line="5" column="0" filename="$USER_HOME$/Dev/Limelight/checkout/backoffice-view/src/api/apiProduct.ts" />
      <jump line="20" column="0" filename="$USER_HOME$/Dev/Limelight/checkout/backoffice-view/src/api/apiProduct.ts" />
      <jump line="0" column="0" filename="$USER_HOME$/Dev/Limelight/checkout/backoffice-view/src/api/apiProduct.ts" />
      <jump line="1" column="33" filename="$USER_HOME$/Dev/Limelight/checkout/backoffice-view/tests/pact/helpers/withLike.ts" />
      <jump line="74" column="32" filename="$USER_HOME$/Dev/Limelight/core/product-exporter-service/src/test/java/de/hse24/shop/product/exporter/it/DatabaseIT.java" />
      <jump line="77" column="34" filename="$USER_HOME$/Dev/Limelight/core/product-exporter-service/src/test/java/de/hse24/shop/product/exporter/it/DatabaseIT.java" />
      <jump line="39" column="44" filename="$USER_HOME$/Dev/Limelight/checkout/order-service/src/main/kotlin/de/hse24/limelight/order/handlers/BackOfficeOrderHandler.kt" />
      <jump line="17" column="28" filename="$USER_HOME$/Dev/Limelight/checkout/order-service/src/main/kotlin/de/hse24/limelight/order/models/backoffice/BackOfficeOrderRequest.kt" />
      <jump line="11" column="21" filename="$USER_HOME$/Dev/Limelight/checkout/order-service/src/main/kotlin/de/hse24/limelight/order/models/backoffice/BackOfficeOrderRequest.kt" />
      <jump line="51" column="37" filename="$USER_HOME$/Dev/Limelight/checkout/order-service/src/main/kotlin/de/hse24/limelight/order/handlers/BackOfficeOrderHandler.kt" />
      <jump line="83" column="14" filename="$USER_HOME$/Dev/Limelight/checkout/order-service/src/main/kotlin/de/hse24/limelight/order/services/OrderService.kt" />
      <jump line="317" column="11" filename="$USER_HOME$/Dev/Limelight/checkout/order-service/src/main/kotlin/de/hse24/limelight/order/services/OrderService.kt" />
      <jump line="289" column="12" filename="$USER_HOME$/Dev/Limelight/checkout/order-service/src/main/kotlin/de/hse24/limelight/order/services/OrderService.kt" />
      <jump line="133" column="32" filename="$USER_HOME$/Dev/Limelight/checkout/order-service/src/main/kotlin/de/hse24/limelight/order/services/OrderService.kt" />
      <jump line="286" column="16" filename="$USER_HOME$/Dev/Limelight/checkout/order-service/src/main/kotlin/de/hse24/limelight/order/services/OrderService.kt" />
      <jump line="135" column="24" filename="$USER_HOME$/Dev/Limelight/checkout/order-service/src/main/kotlin/de/hse24/limelight/order/services/OrderService.kt" />
      <jump line="293" column="23" filename="$USER_HOME$/Dev/Limelight/checkout/order-service/src/main/kotlin/de/hse24/limelight/order/services/OrderService.kt" />
      <jump line="6" column="24" filename="$USER_HOME$/Dev/Limelight/checkout/order-service/src/main/kotlin/de/hse24/limelight/order/models/OrderResponse.kt" />
      <jump line="267" column="14" filename="$USER_HOME$/Dev/Limelight/checkout/order-service/src/main/kotlin/de/hse24/limelight/order/services/OrderService.kt" />
      <jump line="70" column="31" filename="$USER_HOME$/Dev/Limelight/checkout/order-service/src/main/kotlin/de/hse24/limelight/order/services/OrderService.kt" />
      <jump line="270" column="14" filename="$USER_HOME$/Dev/Limelight/checkout/order-service/src/main/kotlin/de/hse24/limelight/order/services/OrderService.kt" />
      <jump line="417" column="32" filename="$USER_HOME$/Dev/Limelight/checkout/order-service/src/main/kotlin/de/hse24/limelight/order/services/OrderService.kt" />
      <jump line="35" column="35" filename="$USER_HOME$/Dev/Limelight/checkout/order-service/src/main/kotlin/de/hse24/limelight/order/services/SqsService.kt" />
      <jump line="73" column="28" filename="$USER_HOME$/Dev/Limelight/checkout/crm-de-exporter/exporter-lambda/src/test/kotlin/de/hse24/shop/crmde/shop2crm/order/CrmEntitiesDplConverterTest.kt" />
      <jump line="76" column="32" filename="$USER_HOME$/Dev/Limelight/checkout/crm-de-exporter/exporter-lambda/src/test/kotlin/de/hse24/shop/crmde/shop2crm/order/CrmEntitiesDplConverterTest.kt" />
      <jump line="84" column="40" filename="$USER_HOME$/Dev/Limelight/checkout/backoffice-view/src/components/OrderEntryTable/CustomerSource/SalesOffice/SalesOffice.tsx" />
      <jump line="98" column="42" filename="$USER_HOME$/Dev/Limelight/checkout/backoffice-view/src/components/OrderEntryTable/CustomerSource/SalesOffice/SalesOffice.tsx" />
      <jump line="9" column="14" filename="$USER_HOME$/Dev/Limelight/checkout/backoffice-view/src/components/OrderEntryTable/CustomerSource/SalesOffice/SalesOffice.tsx" />
      <jump line="470" column="18" filename="$USER_HOME$/Dev/Limelight/checkout/crm-de-exporter/exporter-lambda/build/generated/java/de/hse/crm/dpl/OrderCreateInput.java" />
      <jump line="35" column="34" filename="$USER_HOME$/Dev/Limelight/checkout/crm-de-exporter/exporter-lambda/src/main/kotlin/de/hse24/shop/crmde/shop2crm/crm/converter/CrmEntitiesDplConverter.kt" />
      <jump line="51" column="49" filename="$USER_HOME$/Dev/Limelight/checkout/crm-de-exporter/exporter-lambda/src/main/kotlin/de/hse24/shop/crmde/shop2crm/crm/converter/CrmEntitiesDplConverter.kt" />
      <jump line="28" column="14" filename="$USER_HOME$/Dev/Limelight/checkout/crm-de-exporter/exporter-lambda/src/main/kotlin/de/hse24/shop/crmde/shop2crm/crm/converter/CrmEntitiesDplConverter.kt" />
      <jump line="29" column="14" filename="$USER_HOME$/Dev/Limelight/checkout/crm-de-exporter/exporter-lambda/src/main/kotlin/de/hse24/shop/crmde/shop2crm/crm/converter/CrmEntitiesDplConverter.kt" />
      <jump line="52" column="43" filename="$USER_HOME$/Dev/Limelight/checkout/crm-de-exporter/exporter-lambda/src/main/kotlin/de/hse24/shop/crmde/shop2crm/crm/converter/CrmEntitiesDplConverter.kt" />
      <jump line="27" column="7" filename="$USER_HOME$/Dev/Limelight/checkout/crm-de-exporter/exporter-lambda/src/main/kotlin/de/hse24/shop/crmde/shop2crm/crm/converter/CrmEntitiesDplConverter.kt" />
      <jump line="37" column="27" filename="$USER_HOME$/Dev/Limelight/checkout/crm-de-exporter/exporter-lambda/src/test/kotlin/de/hse24/shop/crmde/shop2crm/crm/converter/CrmEntitiesDplConverterTest.kt" />
      <jump line="39" column="73" filename="$USER_HOME$/Dev/Limelight/checkout/crm-de-exporter/exporter-lambda/src/test/kotlin/de/hse24/shop/crmde/shop2crm/crm/converter/CrmEntitiesDplConverterTest.kt" />
      <jump line="236" column="24" filename="$USER_HOME$/Dev/Limelight/checkout/order-service/src/test/kotlin/de/hse24/limelight/order/WebServerIntegrationTest.kt" />
      <jump line="10" column="23" filename="$USER_HOME$/Dev/Limelight/checkout/order-service/src/main/kotlin/de/hse24/limelight/order/models/OrderRequest.kt" />
      <jump line="124" column="26" filename="$USER_HOME$/Dev/Limelight/checkout/order-service/src/test/kotlin/de/hse24/limelight/order/handlers/UpdateOrderHandlerTest.kt" />
      <jump line="27" column="17" filename="$USER_HOME$/Dev/Limelight/checkout/backoffice-view/src/config/SaleSource.ts" />
      <jump line="35" column="8" filename="$USER_HOME$/Dev/Limelight/checkout/order-service/src/main/kotlin/de/hse24/limelight/order/handlers/BackOfficeOrderHandler.kt" />
      <jump line="4" column="10" filename="$USER_HOME$/Dev/Limelight/checkout/order-service/src/main/kotlin/de/hse24/limelight/order/handlers/CoroutineHandler.kt" />
      <jump line="44" column="59" filename="$USER_HOME$/Dev/Limelight/checkout/order-service/src/main/kotlin/de/hse24/limelight/order/handlers/BackOfficeOrderHandler.kt" />
      <jump line="48" column="37" filename="$USER_HOME$/Dev/Limelight/checkout/crm-de-exporter/exporter-lambda/src/main/kotlin/de/hse24/shop/crmde/shop2crm/SqsEventHandler.kt" />
      <jump line="12" column="16" filename="$USER_HOME$/Dev/Limelight/checkout/crm-de-exporter/common/src/main/kotlin/de/hse24/shop/crmde/shop2crm/order/Order.kt" />
      <jump line="16" column="40" filename="$USER_HOME$/Dev/Limelight/checkout/backoffice-view/src/api/apiOffer.ts" />
      <jump line="11" column="23" filename="$USER_HOME$/Dev/Limelight/checkout/backoffice-view/src/api/httpClient/interceptors/cognitoInterceptor.ts" />
      <jump line="45" column="20" filename="$USER_HOME$/Dev/Limelight/checkout/backoffice-view/src/api/apiOrder.ts" />
      <jump line="22" column="27" filename="$USER_HOME$/Dev/Limelight/checkout/backoffice-view/src/api/apiCustomer.ts" />
      <jump line="12" column="62" filename="$USER_HOME$/Dev/Limelight/checkout/backoffice-view/src/api/httpClient/interceptors/xAuthorizationHeaderInterceptor.ts" />
      <jump line="7" column="59" filename="$USER_HOME$/Dev/Limelight/checkout/backoffice-view/src/api/httpClient/interceptors/xAuthorizationHeaderInterceptor.ts" />
      <jump line="18" column="20" filename="$USER_HOME$/Dev/Limelight/checkout/customer-service/src/main/kotlin/de/hse24/customer/route/CustomerRoutes.kt" />
      <jump line="47" column="57" filename="$USER_HOME$/Dev/Limelight/checkout/customer-service/src/main/kotlin/de/hse24/customer/route/CustomerRoutes.kt" />
      <jump line="141" column="39" filename="$USER_HOME$/Dev/Limelight/checkout/customer-service/src/main/kotlin/de/hse24/customer/handler/CustomerHandlers.kt" />
      <jump line="255" column="26" filename="$USER_HOME$/Dev/Limelight/checkout/customer-service/src/main/kotlin/de/hse24/customer/service/CustomerService.kt" />
      <jump line="125" column="16" filename="$USER_HOME$/Dev/Limelight/checkout/customer-service/src/main/kotlin/de/hse24/customer/customer/CustomersDao.kt" />
      <jump line="136" column="59" filename="$USER_HOME$/Dev/Limelight/checkout/customer-service/src/main/kotlin/de/hse24/customer/handler/CustomerHandlers.kt" />
      <jump line="160" column="30" filename="$USER_HOME$/Dev/Limelight/checkout/customer-service/src/main/kotlin/de/hse24/customer/domain/CustomerModels.kt" />
      <jump line="29" column="62" filename="$USER_HOME$/Dev/Limelight/checkout/order-service/src/main/kotlin/de/hse24/limelight/order/models/QueueOrder.kt" />
      <jump line="53" column="47" filename="$USER_HOME$/Dev/Limelight/checkout/crm-de-exporter/exporter-lambda/src/main/kotlin/de/hse24/shop/crmde/shop2crm/crm/converter/CrmEntitiesDplConverter.kt" />
      <jump line="15" column="22" filename="$USER_HOME$/Dev/Limelight/checkout/crm-de-exporter/exporter-lambda/src/test/kotlin/de/hse24/shop/crmde/shop2crm/order/CrmEntitiesDplConverterTest.kt" />
      <jump line="55" column="18" filename="$USER_HOME$/Dev/Limelight/checkout/order-service/src/test/kotlin/de/hse24/limelight/TestData.kt" />
      <jump line="137" column="32" filename="$USER_HOME$/Dev/Limelight/checkout/order-service/src/test/kotlin/de/hse24/limelight/order/handlers/UpdateOrderHandlerTest.kt" />
      <jump line="8" column="16" filename="$USER_HOME$/Dev/Limelight/checkout/order-service/src/main/kotlin/de/hse24/limelight/order/models/Order.kt" />
    </jumps>
  </component>
  <component name="VimRegisterSettings">
    <registers>
      <register name="&quot;" type="4">
        <text />
      </register>
      <register name="*" type="2">
        <text encoding="base64">QFBhY3RGb2xkZXIoInBhY3RzIikK</text>
      </register>
      <register name="-" type="4">
        <text>office</text>
      </register>
      <register name="0" type="2">
        <text encoding="base64">ICAgIHByaXZhdGUgdmFsIHNhbGVzT2ZmaWNlID0gInNhbGVzLW9mZmljZS0xMDAxIgo=</text>
      </register>
      <register name="1" type="2">
        <text encoding="base64">QFBhY3RGb2xkZXIoInBhY3RzIikK</text>
      </register>
      <register name="2" type="2">
        <text encoding="base64">ICAgICAgICBzYWxlc0NoYW5uZWwgPSAiMDQiLAo=</text>
      </register>
      <register name="3" type="2">
        <text encoding="base64">ICAgICAgICBzYWxlc0NoYW5uZWwgPSAiMDQiLAo=</text>
      </register>
      <register name="4" type="2">
        <text encoding="base64">Cg==</text>
      </register>
      <register name="5" type="2">
        <text encoding="base64">ICAgICAgICAvLyBUT0RPOiBBZGQgbmV3IHRlc3QgZm9yIGV4aXN0aW5nIHZhbHVlIGluIGRpc0NoYW5uZWwuCg==</text>
      </register>
      <register name="6" type="2">
        <text encoding="base64">ICAgICAgICAgICAgc2FsZXNDaGFubmVsID0gIjQwMDEiCg==</text>
      </register>
      <register name="7" type="2">
        <text encoding="base64">ICAgICAgICBzYWxlcwo=</text>
      </register>
      <register name="8" type="2">
        <text encoding="base64">ICAgICAgICBzYWxlc0NoYW5uZWwgPSAic2FsZXMtY2hhbm5lbC00MDAxIgo=</text>
      </register>
      <register name="9" type="2">
        <text encoding="base64">ICAgICAgICAgICAgICAgICAgICAgICAgc2FsZXNDaGFubmVsID0gInNhbGVzLWNoYW5uZWwtNDAwMSIK</text>
      </register>
      <register name=":" type="4">
        <text>action KJumpAction.Word0</text>
      </register>
    </registers>
  </component>
  <component name="VimSearchSettings">
    <search>
      <last-dir>0</last-dir>
      <show-last>false</show-last>
    </search>
  </component>
  <component name="VimSettings">
    <state version="6" enabled="true" />
    <notifications>
      <idea-join enabled="false" />
      <idea-put enabled="false" />
    </notifications>
  </component>
</application>